6978	non-sexist
6979	non-sexist
6980	ideological-inequality
6981	ideological-inequality
6982	non-sexist
6983	non-sexist
6984	non-sexist
6985	ideological-inequality
6986	non-sexist
6987	non-sexist
6988	non-sexist
6989	non-sexist
6990	non-sexist
6991	non-sexist
6992	misogyny-non-sexual-violence
6993	objectification
6994	non-sexist
6995	sexual-violence
6996	non-sexist
6997	non-sexist
6998	non-sexist
6999	non-sexist
7000	ideological-inequality
7001	non-sexist
7002	non-sexist
7003	non-sexist
7004	sexual-violence
7005	non-sexist
7006	sexual-violence
7007	non-sexist
7008	non-sexist
7009	misogyny-non-sexual-violence
7010	non-sexist
7011	non-sexist
7012	misogyny-non-sexual-violence
7013	stereotyping-dominance
7014	non-sexist
7015	non-sexist
7016	sexual-violence
7017	non-sexist
7018	non-sexist
7019	non-sexist
7020	non-sexist
7021	non-sexist
7022	non-sexist
7023	non-sexist
7024	non-sexist
7025	non-sexist
7026	non-sexist
7027	non-sexist
7028	non-sexist
7029	non-sexist
7030	non-sexist
7031	non-sexist
7032	non-sexist
7033	non-sexist
7034	sexual-violence
7035	non-sexist
7036	non-sexist
7037	non-sexist
7038	non-sexist
7039	non-sexist
7040	non-sexist
7041	non-sexist
7042	non-sexist
7043	non-sexist
7044	non-sexist
7045	non-sexist
7046	non-sexist
7047	non-sexist
7048	non-sexist
7049	non-sexist
7050	non-sexist
7051	non-sexist
7052	non-sexist
7053	non-sexist
7054	non-sexist
7055	sexual-violence
7056	non-sexist
7057	non-sexist
7058	non-sexist
7059	sexual-violence
7060	non-sexist
7061	non-sexist
7062	non-sexist
7063	non-sexist
7064	misogyny-non-sexual-violence
7065	non-sexist
7066	non-sexist
7067	sexual-violence
7068	non-sexist
7069	non-sexist
7070	ideological-inequality
7071	non-sexist
7072	non-sexist
7073	ideological-inequality
7074	non-sexist
7075	non-sexist
7076	non-sexist
7077	non-sexist
7078	objectification
7079	ideological-inequality
7080	non-sexist
7081	non-sexist
7082	non-sexist
7083	non-sexist
7084	objectification
7085	non-sexist
7086	non-sexist
7087	misogyny-non-sexual-violence
7088	non-sexist
7089	misogyny-non-sexual-violence
7090	non-sexist
7091	ideological-inequality
7092	non-sexist
7093	ideological-inequality
7094	misogyny-non-sexual-violence
7095	stereotyping-dominance
7096	non-sexist
7097	non-sexist
7098	ideological-inequality
7099	non-sexist
7100	non-sexist
7101	non-sexist
7102	objectification
7103	misogyny-non-sexual-violence
7104	non-sexist
7105	non-sexist
7106	non-sexist
7107	non-sexist
7108	non-sexist
7109	non-sexist
7110	ideological-inequality
7111	non-sexist
7112	non-sexist
7113	non-sexist
7114	non-sexist
7115	non-sexist
7116	non-sexist
7117	objectification
7118	non-sexist
7119	ideological-inequality
7120	non-sexist
7121	non-sexist
7122	ideological-inequality
7123	stereotyping-dominance
7124	non-sexist
7125	non-sexist
7126	non-sexist
7127	ideological-inequality
7128	objectification
7129	ideological-inequality
7130	non-sexist
7131	ideological-inequality
7132	non-sexist
7133	ideological-inequality
7134	non-sexist
7135	non-sexist
7136	stereotyping-dominance
7137	misogyny-non-sexual-violence
7138	stereotyping-dominance
7139	non-sexist
7140	ideological-inequality
7141	non-sexist
7142	non-sexist
7143	non-sexist
7144	non-sexist
7145	objectification
7146	non-sexist
7147	ideological-inequality
7148	misogyny-non-sexual-violence
7149	non-sexist
7150	non-sexist
7151	non-sexist
7152	non-sexist
7153	non-sexist
7154	non-sexist
7155	non-sexist
7156	ideological-inequality
7157	non-sexist
7158	sexual-violence
7159	ideological-inequality
7160	non-sexist
7161	non-sexist
7162	non-sexist
7163	non-sexist
7164	non-sexist
7165	sexual-violence
7166	non-sexist
7167	non-sexist
7168	non-sexist
7169	non-sexist
7170	non-sexist
7171	non-sexist
7172	non-sexist
7173	non-sexist
7174	stereotyping-dominance
7175	sexual-violence
7176	non-sexist
7177	stereotyping-dominance
7178	non-sexist
7179	non-sexist
7180	non-sexist
7181	non-sexist
7182	non-sexist
7183	ideological-inequality
7184	non-sexist
7185	non-sexist
7186	stereotyping-dominance
7187	non-sexist
7188	non-sexist
7189	ideological-inequality
7190	non-sexist
7191	non-sexist
7192	non-sexist
7193	non-sexist
7194	ideological-inequality
7195	non-sexist
7196	ideological-inequality
7197	stereotyping-dominance
7198	non-sexist
7199	non-sexist
7200	non-sexist
7201	non-sexist
7202	non-sexist
7203	stereotyping-dominance
7204	non-sexist
7205	misogyny-non-sexual-violence
7206	non-sexist
7207	objectification
7208	non-sexist
7209	sexual-violence
7210	non-sexist
7211	non-sexist
7212	non-sexist
7213	misogyny-non-sexual-violence
7214	non-sexist
7215	non-sexist
7216	non-sexist
7217	non-sexist
7218	ideological-inequality
7219	ideological-inequality
7220	misogyny-non-sexual-violence
7221	non-sexist
7222	non-sexist
7223	non-sexist
7224	non-sexist
7225	sexual-violence
7226	sexual-violence
7227	non-sexist
7228	non-sexist
7229	non-sexist
7230	non-sexist
7231	non-sexist
7232	stereotyping-dominance
7233	non-sexist
7234	non-sexist
7235	non-sexist
7236	non-sexist
7237	non-sexist
7238	objectification
7239	non-sexist
7240	non-sexist
7241	ideological-inequality
7242	non-sexist
7243	objectification
7244	non-sexist
7245	non-sexist
7246	non-sexist
7247	non-sexist
7248	non-sexist
7249	non-sexist
7250	non-sexist
7251	non-sexist
7252	non-sexist
7253	non-sexist
7254	non-sexist
7255	non-sexist
7256	non-sexist
7257	non-sexist
7258	non-sexist
7259	non-sexist
7260	non-sexist
7261	misogyny-non-sexual-violence
7262	non-sexist
7263	non-sexist
7264	non-sexist
7265	non-sexist
7266	non-sexist
7267	non-sexist
7268	sexual-violence
7269	non-sexist
7270	non-sexist
7271	non-sexist
7272	non-sexist
7273	non-sexist
7274	misogyny-non-sexual-violence
7275	non-sexist
7276	non-sexist
7277	non-sexist
7278	sexual-violence
7279	ideological-inequality
7280	non-sexist
7281	non-sexist
7282	non-sexist
7283	ideological-inequality
7284	non-sexist
7285	objectification
7286	non-sexist
7287	ideological-inequality
7288	non-sexist
7289	non-sexist
7290	non-sexist
7291	non-sexist
7292	ideological-inequality
7293	non-sexist
7294	misogyny-non-sexual-violence
7295	non-sexist
7296	non-sexist
7297	non-sexist
7298	non-sexist
7299	non-sexist
7300	sexual-violence
7301	non-sexist
7302	non-sexist
7303	non-sexist
7304	ideological-inequality
7305	non-sexist
7306	objectification
7307	non-sexist
7308	non-sexist
7309	non-sexist
7310	sexual-violence
7311	non-sexist
7312	stereotyping-dominance
7313	ideological-inequality
7314	objectification
7315	sexual-violence
7316	non-sexist
7317	non-sexist
7318	non-sexist
7319	ideological-inequality
7320	non-sexist
7321	objectification
7322	stereotyping-dominance
7323	non-sexist
7324	misogyny-non-sexual-violence
7325	non-sexist
7326	ideological-inequality
7327	non-sexist
7328	non-sexist
7329	non-sexist
7330	ideological-inequality
7331	non-sexist
7332	sexual-violence
7333	non-sexist
7334	stereotyping-dominance
7335	non-sexist
7336	non-sexist
7337	non-sexist
7338	non-sexist
7339	non-sexist
7340	non-sexist
7341	non-sexist
7342	non-sexist
7343	non-sexist
7344	ideological-inequality
7345	non-sexist
7346	ideological-inequality
7347	stereotyping-dominance
7348	non-sexist
7349	non-sexist
7350	non-sexist
7351	non-sexist
7352	non-sexist
7353	sexual-violence
7354	ideological-inequality
7355	non-sexist
7356	sexual-violence
7357	non-sexist
7358	non-sexist
7359	non-sexist
7360	sexual-violence
7361	non-sexist
7362	non-sexist
7363	ideological-inequality
7364	misogyny-non-sexual-violence
7365	non-sexist
7366	non-sexist
7367	objectification
7368	non-sexist
7369	non-sexist
7370	non-sexist
7371	sexual-violence
7372	non-sexist
7373	ideological-inequality
7374	sexual-violence
7375	non-sexist
7376	sexual-violence
7377	non-sexist
7378	non-sexist
7379	non-sexist
7380	non-sexist
7381	non-sexist
7382	non-sexist
7383	non-sexist
7384	non-sexist
7385	non-sexist
7386	ideological-inequality
7387	non-sexist
7388	non-sexist
7389	non-sexist
7390	stereotyping-dominance
7391	non-sexist
7392	non-sexist
7393	non-sexist
7394	misogyny-non-sexual-violence
7395	non-sexist
7396	non-sexist
7397	non-sexist
7398	non-sexist
7399	sexual-violence
7400	non-sexist
7401	non-sexist
7402	non-sexist
7403	non-sexist
7404	non-sexist
7405	non-sexist
7406	non-sexist
7407	non-sexist
7408	non-sexist
7409	non-sexist
7410	non-sexist
7411	ideological-inequality
7412	sexual-violence
7413	non-sexist
7414	non-sexist
7415	non-sexist
7416	non-sexist
7417	stereotyping-dominance
7418	non-sexist
7419	non-sexist
7420	non-sexist
7421	ideological-inequality
7422	non-sexist
7423	non-sexist
7424	ideological-inequality
7425	non-sexist
7426	non-sexist
7427	non-sexist
7428	non-sexist
7429	misogyny-non-sexual-violence
7430	non-sexist
7431	non-sexist
7432	non-sexist
7433	non-sexist
7434	non-sexist
7435	non-sexist
7436	non-sexist
7437	sexual-violence
7438	non-sexist
7439	non-sexist
7440	non-sexist
7441	sexual-violence
7442	non-sexist
7443	non-sexist
7444	non-sexist
7445	non-sexist
7446	non-sexist
7447	non-sexist
7448	non-sexist
7449	non-sexist
7450	non-sexist
7451	non-sexist
7452	non-sexist
7453	non-sexist
7454	non-sexist
7455	non-sexist
7456	ideological-inequality
7457	ideological-inequality
7458	non-sexist
7459	objectification
7460	sexual-violence
7461	non-sexist
7462	ideological-inequality
7463	non-sexist
7464	stereotyping-dominance
7465	non-sexist
7466	objectification
7467	non-sexist
7468	non-sexist
7469	non-sexist
7470	non-sexist
7471	non-sexist
7472	non-sexist
7473	non-sexist
7474	non-sexist
7475	stereotyping-dominance
7476	non-sexist
7477	non-sexist
7478	ideological-inequality
7479	non-sexist
7480	non-sexist
7481	ideological-inequality
7482	non-sexist
7483	ideological-inequality
7484	non-sexist
7485	non-sexist
7486	non-sexist
7487	non-sexist
7488	non-sexist
7489	ideological-inequality
7490	ideological-inequality
7491	non-sexist
7492	non-sexist
7493	non-sexist
7494	non-sexist
7495	non-sexist
7496	non-sexist
7497	non-sexist
7498	sexual-violence
7499	non-sexist
7500	ideological-inequality
7501	non-sexist
7502	non-sexist
7503	non-sexist
7504	non-sexist
7505	non-sexist
7506	non-sexist
7507	non-sexist
7508	sexual-violence
7509	non-sexist
7510	non-sexist
7511	non-sexist
7512	non-sexist
7513	ideological-inequality
7514	non-sexist
7515	sexual-violence
7516	non-sexist
7517	non-sexist
7518	sexual-violence
7519	non-sexist
7520	ideological-inequality
7521	non-sexist
7522	non-sexist
7523	non-sexist
7524	non-sexist
7525	misogyny-non-sexual-violence
7526	non-sexist
7527	non-sexist
7528	misogyny-non-sexual-violence
7529	non-sexist
7530	non-sexist
7531	non-sexist
7532	non-sexist
7533	non-sexist
7534	non-sexist
7535	non-sexist
7536	non-sexist
7537	non-sexist
7538	non-sexist
7539	non-sexist
7540	sexual-violence
7541	non-sexist
7542	non-sexist
7543	non-sexist
7544	non-sexist
7545	non-sexist
7546	misogyny-non-sexual-violence
7547	non-sexist
7548	non-sexist
7549	ideological-inequality
7550	non-sexist
7551	sexual-violence
7552	non-sexist
7553	non-sexist
7554	non-sexist
7555	non-sexist
7556	misogyny-non-sexual-violence
7557	non-sexist
7558	non-sexist
7559	non-sexist
7560	sexual-violence
7561	non-sexist
7562	objectification
7563	non-sexist
7564	non-sexist
7565	non-sexist
7566	non-sexist
7567	sexual-violence
7568	non-sexist
7569	non-sexist
7570	non-sexist
7571	non-sexist
7572	non-sexist
7573	non-sexist
7574	non-sexist
7575	ideological-inequality
7576	non-sexist
7577	non-sexist
7578	non-sexist
7579	non-sexist
7580	non-sexist
7581	non-sexist
7582	non-sexist
7583	sexual-violence
7584	ideological-inequality
7585	non-sexist
7586	non-sexist
7587	non-sexist
7588	sexual-violence
7589	non-sexist
7590	non-sexist
7591	non-sexist
7592	non-sexist
7593	objectification
7594	non-sexist
7595	sexual-violence
7596	non-sexist
7597	non-sexist
7598	non-sexist
7599	non-sexist
7600	non-sexist
7601	non-sexist
7602	non-sexist
7603	non-sexist
7604	non-sexist
7605	non-sexist
7606	non-sexist
7607	non-sexist
7608	objectification
7609	non-sexist
7610	sexual-violence
7611	non-sexist
7612	non-sexist
7613	non-sexist
7614	non-sexist
7615	non-sexist
7616	non-sexist
7617	non-sexist
7618	non-sexist
7619	non-sexist
7620	non-sexist
7621	non-sexist
7622	non-sexist
7623	non-sexist
7624	non-sexist
7625	non-sexist
7626	non-sexist
7627	non-sexist
7628	non-sexist
7629	non-sexist
7630	non-sexist
7631	non-sexist
7632	non-sexist
7633	non-sexist
7634	non-sexist
7635	misogyny-non-sexual-violence
7636	sexual-violence
7637	non-sexist
7638	non-sexist
7639	non-sexist
7640	non-sexist
7641	non-sexist
7642	non-sexist
7643	non-sexist
7644	non-sexist
7645	non-sexist
7646	non-sexist
7647	non-sexist
7648	non-sexist
7649	non-sexist
7650	non-sexist
7651	non-sexist
7652	non-sexist
7653	non-sexist
7654	non-sexist
7655	non-sexist
7656	ideological-inequality
7657	non-sexist
7658	non-sexist
7659	ideological-inequality
7660	non-sexist
7661	non-sexist
7662	non-sexist
7663	non-sexist
7664	non-sexist
7665	sexual-violence
7666	non-sexist
7667	ideological-inequality
7668	non-sexist
7669	non-sexist
7670	non-sexist
7671	non-sexist
7672	non-sexist
7673	stereotyping-dominance
7674	non-sexist
7675	objectification
7676	non-sexist
7677	non-sexist
7678	sexual-violence
7679	non-sexist
7680	non-sexist
7681	non-sexist
7682	non-sexist
7683	non-sexist
7684	non-sexist
7685	non-sexist
7686	non-sexist
7687	objectification
7688	ideological-inequality
7689	non-sexist
7690	non-sexist
7691	sexual-violence
7692	misogyny-non-sexual-violence
7693	non-sexist
7694	non-sexist
7695	non-sexist
7696	stereotyping-dominance
7697	non-sexist
7698	non-sexist
7699	non-sexist
7700	non-sexist
7701	non-sexist
7702	non-sexist
7703	non-sexist
7704	non-sexist
7705	non-sexist
7706	objectification
7707	non-sexist
7708	misogyny-non-sexual-violence
7709	objectification
7710	non-sexist
7711	non-sexist
7712	non-sexist
7713	non-sexist
7714	non-sexist
7715	sexual-violence
7716	non-sexist
7717	non-sexist
7718	non-sexist
7719	non-sexist
7720	non-sexist
7721	non-sexist
7722	non-sexist
7723	non-sexist
7724	non-sexist
7725	non-sexist
7726	non-sexist
7727	non-sexist
7728	sexual-violence
7729	stereotyping-dominance
7730	non-sexist
7731	non-sexist
7732	sexual-violence
7733	non-sexist
7734	non-sexist
7735	non-sexist
7736	ideological-inequality
7737	non-sexist
7738	non-sexist
7739	ideological-inequality
7740	non-sexist
7741	ideological-inequality
7742	non-sexist
7743	non-sexist
7744	non-sexist
7745	non-sexist
7746	non-sexist
7747	non-sexist
7748	misogyny-non-sexual-violence
7749	non-sexist
7750	non-sexist
7751	non-sexist
7752	stereotyping-dominance
7753	non-sexist
7754	sexual-violence
7755	objectification
7756	non-sexist
7757	non-sexist
7758	non-sexist
7759	non-sexist
7760	non-sexist
7761	non-sexist
7762	non-sexist
7763	ideological-inequality
7764	non-sexist
7765	non-sexist
7766	non-sexist
7767	non-sexist
7768	non-sexist
7769	non-sexist
7770	non-sexist
7771	non-sexist
7772	sexual-violence
7773	non-sexist
7774	stereotyping-dominance
7775	non-sexist
7776	non-sexist
7777	non-sexist
7778	objectification
7779	non-sexist
7780	non-sexist
7781	non-sexist
7782	non-sexist
7783	non-sexist
7784	non-sexist
7785	non-sexist
7786	non-sexist
7787	ideological-inequality
7788	stereotyping-dominance
7789	non-sexist
7790	non-sexist
7791	non-sexist
7792	non-sexist
7793	non-sexist
7794	non-sexist
7795	ideological-inequality
7796	non-sexist
7797	non-sexist
7798	non-sexist
7799	non-sexist
7800	sexual-violence
7801	non-sexist
7802	non-sexist
7803	ideological-inequality
7804	sexual-violence
7805	non-sexist
7806	misogyny-non-sexual-violence
7807	non-sexist
7808	non-sexist
7809	non-sexist
7810	non-sexist
7811	non-sexist
7812	ideological-inequality
7813	non-sexist
7814	non-sexist
7815	non-sexist
7816	non-sexist
7817	objectification
7818	non-sexist
7819	misogyny-non-sexual-violence
7820	non-sexist
7821	non-sexist
7822	non-sexist
7823	non-sexist
7824	non-sexist
7825	non-sexist
7826	non-sexist
7827	non-sexist
7828	non-sexist
7829	non-sexist
7830	non-sexist
7831	ideological-inequality
7832	non-sexist
7833	non-sexist
7834	non-sexist
7835	non-sexist
7836	non-sexist
7837	non-sexist
7838	misogyny-non-sexual-violence
7839	non-sexist
7840	non-sexist
7841	non-sexist
7842	stereotyping-dominance
7843	non-sexist
7844	non-sexist
7845	non-sexist
7846	ideological-inequality
7847	non-sexist
7848	stereotyping-dominance
7849	non-sexist
7850	non-sexist
7851	non-sexist
7852	non-sexist
7853	stereotyping-dominance
7854	non-sexist
7855	sexual-violence
7856	non-sexist
7857	non-sexist
7858	sexual-violence
7859	sexual-violence
7860	non-sexist
7861	non-sexist
7862	non-sexist
7863	non-sexist
7864	non-sexist
7865	non-sexist
7866	ideological-inequality
7867	objectification
7868	non-sexist
7869	non-sexist
7870	misogyny-non-sexual-violence
7871	non-sexist
7872	non-sexist
7873	non-sexist
7874	non-sexist
7875	non-sexist
7876	misogyny-non-sexual-violence
7877	ideological-inequality
7878	non-sexist
7879	non-sexist
7880	non-sexist
7881	non-sexist
7882	non-sexist
7883	non-sexist
7884	non-sexist
7885	non-sexist
7886	non-sexist
7887	non-sexist
7888	non-sexist
7889	stereotyping-dominance
7890	non-sexist
7891	objectification
7892	non-sexist
7893	non-sexist
7894	ideological-inequality
7895	non-sexist
7896	non-sexist
7897	non-sexist
7898	non-sexist
7899	non-sexist
7900	non-sexist
7901	non-sexist
7902	non-sexist
7903	non-sexist
7904	non-sexist
7905	non-sexist
7906	non-sexist
7907	ideological-inequality
7908	non-sexist
7909	non-sexist
7910	non-sexist
7911	non-sexist
7912	ideological-inequality
7913	non-sexist
7914	non-sexist
7915	non-sexist
7916	non-sexist
7917	sexual-violence
7918	non-sexist
7919	stereotyping-dominance
7920	non-sexist
7921	non-sexist
7922	non-sexist
7923	non-sexist
7924	non-sexist
7925	misogyny-non-sexual-violence
7926	non-sexist
7927	non-sexist
7928	non-sexist
7929	non-sexist
7930	non-sexist
7931	sexual-violence
7932	sexual-violence
7933	non-sexist
7934	sexual-violence
7935	non-sexist
7936	non-sexist
7937	objectification
7938	non-sexist
7939	stereotyping-dominance
7940	non-sexist
7941	non-sexist
7942	non-sexist
7943	non-sexist
7944	misogyny-non-sexual-violence
7945	non-sexist
7946	sexual-violence
7947	non-sexist
7948	ideological-inequality
7949	non-sexist
7950	non-sexist
7951	sexual-violence
7952	non-sexist
7953	non-sexist
7954	non-sexist
7955	non-sexist
7956	non-sexist
7957	non-sexist
7958	non-sexist
7959	sexual-violence
7960	stereotyping-dominance
7961	non-sexist
7962	misogyny-non-sexual-violence
7963	non-sexist
7964	sexual-violence
7965	non-sexist
7966	non-sexist
7967	stereotyping-dominance
7968	non-sexist
7969	stereotyping-dominance
7970	ideological-inequality
7971	non-sexist
7972	non-sexist
7973	non-sexist
7974	non-sexist
7975	misogyny-non-sexual-violence
7976	non-sexist
7977	non-sexist
7978	objectification
7979	sexual-violence
7980	ideological-inequality
7981	sexual-violence
7982	non-sexist
7983	non-sexist
7984	non-sexist
7985	objectification
7986	stereotyping-dominance
7987	non-sexist
7988	misogyny-non-sexual-violence
7989	non-sexist
7990	non-sexist
7991	non-sexist
7992	non-sexist
7993	non-sexist
7994	non-sexist
7995	non-sexist
7996	ideological-inequality
7997	misogyny-non-sexual-violence
7998	non-sexist
7999	ideological-inequality
8000	sexual-violence
8001	sexual-violence
8002	non-sexist
8003	misogyny-non-sexual-violence
8004	ideological-inequality
8005	non-sexist
8006	non-sexist
8007	non-sexist
8008	sexual-violence
8009	ideological-inequality
8010	non-sexist
8011	non-sexist
8012	non-sexist
8013	stereotyping-dominance
8014	stereotyping-dominance
8015	non-sexist
8016	non-sexist
8017	non-sexist
8018	non-sexist
8019	objectification
8020	sexual-violence
8021	non-sexist
8022	non-sexist
8023	non-sexist
8024	non-sexist
8025	non-sexist
8026	sexual-violence
8027	non-sexist
8028	non-sexist
8029	non-sexist
8030	non-sexist
8031	non-sexist
8032	ideological-inequality
8033	sexual-violence
8034	non-sexist
8035	objectification
8036	non-sexist
8037	non-sexist
8038	non-sexist
8039	non-sexist
8040	non-sexist
8041	non-sexist
8042	non-sexist
8043	objectification
8044	non-sexist
8045	non-sexist
8046	misogyny-non-sexual-violence
8047	non-sexist
8048	non-sexist
8049	non-sexist
8050	non-sexist
8051	ideological-inequality
8052	non-sexist
8053	non-sexist
8054	non-sexist
8055	non-sexist
8056	non-sexist
8057	non-sexist
8058	non-sexist
8059	non-sexist
8060	non-sexist
8061	ideological-inequality
8062	non-sexist
8063	ideological-inequality
8064	non-sexist
8065	non-sexist
8066	non-sexist
8067	non-sexist
8068	non-sexist
8069	non-sexist
8070	non-sexist
8071	non-sexist
8072	non-sexist
8073	non-sexist
8074	non-sexist
8075	non-sexist
8076	non-sexist
8077	non-sexist
8078	stereotyping-dominance
8079	non-sexist
8080	non-sexist
8081	non-sexist
8082	non-sexist
8083	non-sexist
8084	non-sexist
8085	non-sexist
8086	non-sexist
8087	sexual-violence
8088	non-sexist
8089	non-sexist
8090	non-sexist
8091	non-sexist
8092	ideological-inequality
8093	non-sexist
8094	non-sexist
8095	non-sexist
8096	non-sexist
8097	non-sexist
8098	non-sexist
8099	non-sexist
8100	non-sexist
8101	non-sexist
8102	non-sexist
8103	non-sexist
8104	non-sexist
8105	non-sexist
8106	non-sexist
8107	sexual-violence
8108	non-sexist
8109	non-sexist
8110	misogyny-non-sexual-violence
8111	non-sexist
8112	non-sexist
8113	non-sexist
8114	non-sexist
8115	non-sexist
8116	ideological-inequality
8117	misogyny-non-sexual-violence
8118	ideological-inequality
8119	ideological-inequality
8120	non-sexist
8121	objectification
8122	non-sexist
8123	non-sexist
8124	stereotyping-dominance
8125	non-sexist
8126	non-sexist
8127	non-sexist
8128	non-sexist
8129	non-sexist
8130	non-sexist
8131	non-sexist
8132	non-sexist
8133	non-sexist
8134	non-sexist
8135	ideological-inequality
8136	non-sexist
8137	non-sexist
8138	objectification
8139	ideological-inequality
8140	non-sexist
8141	non-sexist
8142	non-sexist
8143	non-sexist
8144	non-sexist
8145	non-sexist
8146	non-sexist
8147	non-sexist
8148	non-sexist
8149	non-sexist
8150	ideological-inequality
8151	non-sexist
8152	sexual-violence
8153	non-sexist
8154	non-sexist
8155	non-sexist
8156	stereotyping-dominance
8157	sexual-violence
8158	non-sexist
8159	non-sexist
8160	non-sexist
8161	non-sexist
8162	non-sexist
8163	stereotyping-dominance
8164	non-sexist
8165	non-sexist
8166	ideological-inequality
8167	non-sexist
8168	non-sexist
8169	sexual-violence
8170	non-sexist
8171	non-sexist
8172	objectification
8173	non-sexist
8174	non-sexist
8175	non-sexist
8176	non-sexist
8177	non-sexist
8178	non-sexist
8179	non-sexist
8180	non-sexist
8181	sexual-violence
8182	non-sexist
8183	ideological-inequality
8184	non-sexist
8185	non-sexist
8186	non-sexist
8187	non-sexist
8188	non-sexist
8189	non-sexist
8190	non-sexist
8191	non-sexist
8192	ideological-inequality
8193	stereotyping-dominance
8194	non-sexist
8195	non-sexist
8196	stereotyping-dominance
8197	non-sexist
8198	non-sexist
8199	non-sexist
8200	non-sexist
8201	non-sexist
8202	non-sexist
8203	non-sexist
8204	stereotyping-dominance
8205	non-sexist
8206	stereotyping-dominance
8207	non-sexist
8208	non-sexist
8209	non-sexist
8210	non-sexist
8211	objectification
8212	non-sexist
8213	non-sexist
8214	misogyny-non-sexual-violence
8215	non-sexist
8216	sexual-violence
8217	non-sexist
8218	non-sexist
8219	non-sexist
8220	objectification
8221	non-sexist
8222	misogyny-non-sexual-violence
8223	objectification
8224	non-sexist
8225	non-sexist
8226	non-sexist
8227	non-sexist
8228	non-sexist
8229	ideological-inequality
8230	ideological-inequality
8231	non-sexist
8232	non-sexist
8233	non-sexist
8234	sexual-violence
8235	non-sexist
8236	non-sexist
8237	non-sexist
8238	non-sexist
8239	non-sexist
8240	non-sexist
8241	non-sexist
8242	non-sexist
8243	non-sexist
8244	non-sexist
8245	non-sexist
8246	non-sexist
8247	misogyny-non-sexual-violence
8248	non-sexist
8249	non-sexist
8250	non-sexist
8251	non-sexist
8252	ideological-inequality
8253	non-sexist
8254	non-sexist
8255	ideological-inequality
8256	ideological-inequality
8257	non-sexist
8258	non-sexist
8259	sexual-violence
8260	non-sexist
8261	non-sexist
8262	non-sexist
8263	ideological-inequality
8264	non-sexist
8265	non-sexist
8266	non-sexist
8267	non-sexist
8268	sexual-violence
8269	non-sexist
8270	non-sexist
8271	sexual-violence
8272	non-sexist
8273	non-sexist
8274	non-sexist
8275	ideological-inequality
8276	objectification
8277	non-sexist
8278	non-sexist
8279	non-sexist
8280	sexual-violence
8281	non-sexist
8282	sexual-violence
8283	non-sexist
8284	misogyny-non-sexual-violence
8285	non-sexist
8286	non-sexist
8287	non-sexist
8288	non-sexist
8289	non-sexist
8290	non-sexist
8291	non-sexist
8292	non-sexist
8293	non-sexist
8294	non-sexist
8295	non-sexist
8296	non-sexist
8297	non-sexist
8298	non-sexist
8299	non-sexist
8300	ideological-inequality
8301	non-sexist
8302	non-sexist
8303	non-sexist
8304	misogyny-non-sexual-violence
8305	sexual-violence
8306	non-sexist
8307	sexual-violence
8308	non-sexist
8309	non-sexist
8310	non-sexist
8311	non-sexist
8312	non-sexist
8313	non-sexist
8314	non-sexist
8315	non-sexist
8316	non-sexist
8317	non-sexist
8318	non-sexist
8319	non-sexist
8320	objectification
8321	non-sexist
8322	non-sexist
8323	non-sexist
8324	non-sexist
8325	ideological-inequality
8326	non-sexist
8327	ideological-inequality
8328	non-sexist
8329	non-sexist
8330	non-sexist
8331	non-sexist
8332	sexual-violence
8333	misogyny-non-sexual-violence
8334	non-sexist
8335	non-sexist
8336	non-sexist
8337	stereotyping-dominance
8338	non-sexist
8339	non-sexist
8340	non-sexist
8341	stereotyping-dominance
8342	non-sexist
8343	non-sexist
8344	non-sexist
8345	non-sexist
8346	non-sexist
8347	non-sexist
8348	non-sexist
8349	objectification
8350	non-sexist
8351	non-sexist
8352	sexual-violence
8353	non-sexist
8354	non-sexist
8355	non-sexist
8356	stereotyping-dominance
8357	non-sexist
8358	non-sexist
8359	non-sexist
8360	non-sexist
8361	non-sexist
8362	non-sexist
8363	non-sexist
8364	misogyny-non-sexual-violence
8365	non-sexist
8366	non-sexist
8367	non-sexist
8368	non-sexist
8369	ideological-inequality
8370	objectification
8371	misogyny-non-sexual-violence
8372	non-sexist
8373	non-sexist
8374	non-sexist
8375	non-sexist
8376	non-sexist
8377	non-sexist
8378	stereotyping-dominance
8379	stereotyping-dominance
8380	sexual-violence
8381	non-sexist
8382	non-sexist
8383	sexual-violence
8384	misogyny-non-sexual-violence
8385	misogyny-non-sexual-violence
8386	non-sexist
8387	non-sexist
8388	non-sexist
8389	non-sexist
8390	non-sexist
8391	non-sexist
8392	non-sexist
8393	non-sexist
8394	non-sexist
8395	non-sexist
8396	non-sexist
8397	non-sexist
8398	ideological-inequality
8399	non-sexist
8400	misogyny-non-sexual-violence
8401	non-sexist
8402	sexual-violence
8403	sexual-violence
8404	non-sexist
8405	non-sexist
8406	non-sexist
8407	non-sexist
8408	non-sexist
8409	non-sexist
8410	non-sexist
8411	objectification
8412	non-sexist
8413	non-sexist
8414	non-sexist
8415	non-sexist
8416	non-sexist
8417	non-sexist
8418	sexual-violence
8419	stereotyping-dominance
8420	non-sexist
8421	non-sexist
8422	non-sexist
8423	stereotyping-dominance
8424	non-sexist
8425	non-sexist
8426	non-sexist
8427	sexual-violence
8428	non-sexist
8429	non-sexist
8430	misogyny-non-sexual-violence
8431	non-sexist
8432	objectification
8433	ideological-inequality
8434	stereotyping-dominance
8435	ideological-inequality
8436	non-sexist
8437	non-sexist
8438	misogyny-non-sexual-violence
8439	non-sexist
8440	non-sexist
8441	non-sexist
8442	non-sexist
8443	non-sexist
8444	non-sexist
8445	non-sexist
8446	non-sexist
8447	non-sexist
8448	non-sexist
8449	non-sexist
8450	non-sexist
8451	non-sexist
8452	misogyny-non-sexual-violence
8453	non-sexist
8454	non-sexist
8455	non-sexist
8456	non-sexist
8457	objectification
8458	non-sexist
8459	sexual-violence
8460	non-sexist
8461	sexual-violence
8462	non-sexist
8463	sexual-violence
8464	non-sexist
8465	non-sexist
8466	non-sexist
8467	non-sexist
8468	non-sexist
8469	non-sexist
8470	non-sexist
8471	sexual-violence
8472	non-sexist
8473	non-sexist
8474	non-sexist
8475	non-sexist
8476	non-sexist
8477	non-sexist
8478	ideological-inequality
8479	non-sexist
8480	non-sexist
8481	non-sexist
8482	non-sexist
8483	non-sexist
8484	non-sexist
8485	non-sexist
8486	non-sexist
8487	non-sexist
8488	non-sexist
8489	non-sexist
8490	objectification
8491	non-sexist
8492	non-sexist
8493	sexual-violence
8494	non-sexist
8495	ideological-inequality
8496	non-sexist
8497	non-sexist
8498	non-sexist
8499	ideological-inequality
8500	non-sexist
8501	non-sexist
8502	non-sexist
8503	non-sexist
8504	sexual-violence
8505	ideological-inequality
8506	non-sexist
8507	non-sexist
8508	stereotyping-dominance
8509	non-sexist
8510	non-sexist
8511	ideological-inequality
8512	non-sexist
8513	sexual-violence
8514	non-sexist
8515	non-sexist
8516	non-sexist
8517	non-sexist
8518	non-sexist
8519	non-sexist
8520	non-sexist
8521	objectification
8522	non-sexist
8523	non-sexist
8524	non-sexist
8525	non-sexist
8526	non-sexist
8527	sexual-violence
8528	sexual-violence
8529	non-sexist
8530	stereotyping-dominance
8531	stereotyping-dominance
8532	non-sexist
8533	non-sexist
8534	non-sexist
8535	non-sexist
8536	non-sexist
8537	stereotyping-dominance
8538	ideological-inequality
8539	non-sexist
8540	ideological-inequality
8541	non-sexist
8542	non-sexist
8543	ideological-inequality
8544	sexual-violence
8545	ideological-inequality
8546	non-sexist
8547	non-sexist
8548	non-sexist
8549	sexual-violence
8550	non-sexist
8551	ideological-inequality
8552	non-sexist
8553	non-sexist
8554	non-sexist
8555	non-sexist
8556	stereotyping-dominance
8557	stereotyping-dominance
8558	non-sexist
8559	stereotyping-dominance
8560	non-sexist
8561	non-sexist
8562	ideological-inequality
8563	ideological-inequality
8564	non-sexist
8565	objectification
8566	non-sexist
8567	non-sexist
8568	non-sexist
8569	non-sexist
8570	ideological-inequality
8571	non-sexist
8572	non-sexist
8573	non-sexist
8574	sexual-violence
8575	sexual-violence
8576	non-sexist
8577	non-sexist
8578	non-sexist
8579	objectification
8580	sexual-violence
8581	non-sexist
8582	non-sexist
8583	non-sexist
8584	non-sexist
8585	stereotyping-dominance
8586	ideological-inequality
8587	non-sexist
8588	non-sexist
8589	non-sexist
8590	non-sexist
8591	non-sexist
8592	misogyny-non-sexual-violence
8593	non-sexist
8594	non-sexist
8595	misogyny-non-sexual-violence
8596	sexual-violence
8597	stereotyping-dominance
8598	non-sexist
8599	non-sexist
8600	ideological-inequality
8601	misogyny-non-sexual-violence
8602	sexual-violence
8603	non-sexist
8604	non-sexist
8605	non-sexist
8606	non-sexist
8607	non-sexist
8608	non-sexist
8609	non-sexist
8610	non-sexist
8611	non-sexist
8612	non-sexist
8613	objectification
8614	non-sexist
8615	non-sexist
8616	non-sexist
8617	non-sexist
8618	stereotyping-dominance
8619	non-sexist
8620	non-sexist
8621	non-sexist
8622	misogyny-non-sexual-violence
8623	non-sexist
8624	non-sexist
8625	non-sexist
8626	non-sexist
8627	non-sexist
8628	non-sexist
8629	non-sexist
8630	non-sexist
8631	objectification
8632	non-sexist
8633	non-sexist
8634	non-sexist
8635	non-sexist
8636	non-sexist
8637	non-sexist
8638	non-sexist
8639	non-sexist
8640	non-sexist
8641	non-sexist
8642	non-sexist
8643	sexual-violence
8644	misogyny-non-sexual-violence
8645	non-sexist
8646	misogyny-non-sexual-violence
8647	stereotyping-dominance
8648	non-sexist
8649	ideological-inequality
8650	ideological-inequality
8651	sexual-violence
8652	non-sexist
8653	non-sexist
8654	non-sexist
8655	non-sexist
8656	non-sexist
8657	non-sexist
8658	objectification
8659	non-sexist
8660	sexual-violence
8661	non-sexist
8662	non-sexist
8663	non-sexist
8664	non-sexist
8665	non-sexist
8666	non-sexist
8667	non-sexist
8668	non-sexist
8669	non-sexist
8670	non-sexist
8671	non-sexist
8672	misogyny-non-sexual-violence
8673	non-sexist
8674	non-sexist
8675	non-sexist
8676	non-sexist
8677	sexual-violence
8678	non-sexist
8679	non-sexist
8680	non-sexist
8681	ideological-inequality
8682	non-sexist
8683	non-sexist
8684	non-sexist
8685	non-sexist
8686	non-sexist
8687	non-sexist
8688	non-sexist
8689	non-sexist
8690	non-sexist
8691	sexual-violence
8692	non-sexist
8693	non-sexist
8694	non-sexist
8695	non-sexist
8696	sexual-violence
8697	non-sexist
8698	non-sexist
8699	non-sexist
8700	non-sexist
8701	non-sexist
8702	non-sexist
8703	non-sexist
8704	non-sexist
8705	non-sexist
8706	non-sexist
8707	non-sexist
8708	non-sexist
8709	non-sexist
8710	non-sexist
8711	non-sexist
8712	non-sexist
8713	ideological-inequality
8714	non-sexist
8715	non-sexist
8716	stereotyping-dominance
8717	objectification
8718	non-sexist
8719	non-sexist
8720	non-sexist
8721	non-sexist
8722	ideological-inequality
8723	non-sexist
8724	sexual-violence
8725	non-sexist
8726	stereotyping-dominance
8727	non-sexist
8728	objectification
8729	sexual-violence
8730	non-sexist
8731	ideological-inequality
8732	non-sexist
8733	non-sexist
8734	non-sexist
8735	non-sexist
8736	non-sexist
8737	non-sexist
8738	non-sexist
8739	non-sexist
8740	non-sexist
8741	non-sexist
8742	sexual-violence
8743	non-sexist
8744	non-sexist
8745	sexual-violence
8746	non-sexist
8747	non-sexist
8748	sexual-violence
8749	non-sexist
8750	non-sexist
8751	non-sexist
8752	stereotyping-dominance
8753	stereotyping-dominance
8754	non-sexist
8755	non-sexist
8756	sexual-violence
8757	non-sexist
8758	non-sexist
8759	non-sexist
8760	objectification
8761	non-sexist
8762	non-sexist
8763	ideological-inequality
8764	objectification
8765	non-sexist
8766	non-sexist
8767	non-sexist
8768	non-sexist
8769	non-sexist
8770	non-sexist
8771	non-sexist
8772	ideological-inequality
8773	non-sexist
8774	sexual-violence
8775	non-sexist
8776	ideological-inequality
8777	non-sexist
8778	non-sexist
8779	non-sexist
8780	objectification
8781	non-sexist
8782	non-sexist
8783	stereotyping-dominance
8784	non-sexist
8785	non-sexist
8786	non-sexist
8787	non-sexist
8788	non-sexist
8789	sexual-violence
8790	non-sexist
8791	non-sexist
8792	non-sexist
8793	non-sexist
8794	non-sexist
8795	non-sexist
8796	non-sexist
8797	non-sexist
8798	non-sexist
8799	stereotyping-dominance
8800	non-sexist
8801	non-sexist
8802	misogyny-non-sexual-violence
8803	sexual-violence
8804	non-sexist
8805	ideological-inequality
8806	sexual-violence
8807	non-sexist
8808	non-sexist
8809	stereotyping-dominance
8810	non-sexist
8811	non-sexist
8812	non-sexist
8813	non-sexist
8814	non-sexist
8815	ideological-inequality
8816	non-sexist
8817	non-sexist
8818	non-sexist
8819	non-sexist
8820	objectification
8821	non-sexist
8822	sexual-violence
8823	non-sexist
8824	non-sexist
8825	non-sexist
8826	ideological-inequality
8827	misogyny-non-sexual-violence
8828	stereotyping-dominance
8829	objectification
8830	sexual-violence
8831	non-sexist
8832	misogyny-non-sexual-violence
8833	sexual-violence
8834	ideological-inequality
8835	non-sexist
8836	ideological-inequality
8837	non-sexist
8838	non-sexist
8839	non-sexist
8840	stereotyping-dominance
8841	non-sexist
8842	non-sexist
8843	non-sexist
8844	non-sexist
8845	ideological-inequality
8846	sexual-violence
8847	ideological-inequality
8848	non-sexist
8849	non-sexist
8850	non-sexist
8851	non-sexist
8852	non-sexist
8853	non-sexist
8854	non-sexist
8855	non-sexist
8856	stereotyping-dominance
8857	stereotyping-dominance
8858	non-sexist
8859	misogyny-non-sexual-violence
8860	sexual-violence
8861	non-sexist
8862	non-sexist
8863	non-sexist
8864	non-sexist
8865	non-sexist
8866	non-sexist
8867	non-sexist
8868	non-sexist
8869	ideological-inequality
8870	non-sexist
8871	ideological-inequality
8872	misogyny-non-sexual-violence
8873	non-sexist
8874	non-sexist
8875	ideological-inequality
8876	non-sexist
8877	non-sexist
8878	non-sexist
8879	non-sexist
8880	misogyny-non-sexual-violence
8881	non-sexist
8882	non-sexist
8883	non-sexist
8884	non-sexist
8885	misogyny-non-sexual-violence
8886	non-sexist
8887	non-sexist
8888	non-sexist
8889	non-sexist
8890	non-sexist
8891	non-sexist
8892	non-sexist
8893	sexual-violence
8894	non-sexist
8895	non-sexist
8896	non-sexist
8897	non-sexist
8898	sexual-violence
8899	non-sexist
8900	non-sexist
8901	stereotyping-dominance
8902	non-sexist
8903	non-sexist
8904	non-sexist
8905	sexual-violence
8906	non-sexist
8907	non-sexist
8908	sexual-violence
8909	sexual-violence
8910	non-sexist
8911	sexual-violence
8912	non-sexist
8913	non-sexist
8914	non-sexist
8915	non-sexist
8916	non-sexist
8917	non-sexist
8918	non-sexist
8919	ideological-inequality
8920	objectification
8921	non-sexist
8922	non-sexist
8923	misogyny-non-sexual-violence
8924	non-sexist
8925	ideological-inequality
8926	non-sexist
8927	non-sexist
8928	non-sexist
8929	non-sexist
8930	non-sexist
8931	non-sexist
8932	sexual-violence
8933	non-sexist
8934	non-sexist
8935	stereotyping-dominance
8936	non-sexist
8937	ideological-inequality
8938	non-sexist
8939	non-sexist
8940	non-sexist
8941	non-sexist
8942	objectification
8943	non-sexist
8944	non-sexist
8945	non-sexist
8946	non-sexist
8947	objectification
8948	non-sexist
8949	stereotyping-dominance
8950	non-sexist
8951	non-sexist
8952	non-sexist
8953	non-sexist
8954	non-sexist
8955	ideological-inequality
8956	non-sexist
8957	non-sexist
8958	stereotyping-dominance
8959	non-sexist
8960	non-sexist
8961	sexual-violence
8962	non-sexist
8963	non-sexist
8964	ideological-inequality
8965	non-sexist
8966	non-sexist
8967	non-sexist
8968	non-sexist
8969	non-sexist
8970	non-sexist
8971	stereotyping-dominance
8972	non-sexist
8973	misogyny-non-sexual-violence
8974	non-sexist
8975	non-sexist
8976	non-sexist
8977	objectification
8978	non-sexist
8979	non-sexist
8980	non-sexist
8981	sexual-violence
8982	objectification
8983	non-sexist
8984	non-sexist
8985	sexual-violence
8986	non-sexist
8987	non-sexist
8988	sexual-violence
8989	sexual-violence
8990	ideological-inequality
8991	non-sexist
8992	non-sexist
8993	non-sexist
8994	non-sexist
8995	non-sexist
8996	sexual-violence
8997	non-sexist
8998	non-sexist
8999	non-sexist
9000	misogyny-non-sexual-violence
9001	sexual-violence
9002	non-sexist
9003	stereotyping-dominance
9004	non-sexist
9005	sexual-violence
9006	sexual-violence
9007	non-sexist
9008	objectification
9009	non-sexist
9010	non-sexist
9011	ideological-inequality
9012	non-sexist
9013	non-sexist
9014	non-sexist
9015	ideological-inequality
9016	non-sexist
9017	non-sexist
9018	ideological-inequality
9019	misogyny-non-sexual-violence
9020	non-sexist
9021	non-sexist
9022	non-sexist
9023	non-sexist
9024	non-sexist
9025	non-sexist
9026	non-sexist
9027	non-sexist
9028	non-sexist
9029	non-sexist
9030	non-sexist
9031	non-sexist
9032	ideological-inequality
9033	non-sexist
9034	non-sexist
9035	ideological-inequality
9036	non-sexist
9037	ideological-inequality
9038	non-sexist
9039	objectification
9040	stereotyping-dominance
9041	non-sexist
9042	non-sexist
9043	non-sexist
9044	ideological-inequality
9045	non-sexist
9046	non-sexist
9047	ideological-inequality
9048	non-sexist
9049	sexual-violence
9050	non-sexist
9051	objectification
9052	objectification
9053	non-sexist
9054	stereotyping-dominance
9055	sexual-violence
9056	non-sexist
9057	non-sexist
9058	non-sexist
9059	non-sexist
9060	non-sexist
9061	misogyny-non-sexual-violence
9062	stereotyping-dominance
9063	non-sexist
9064	non-sexist
9065	non-sexist
9066	non-sexist
9067	non-sexist
9068	non-sexist
9069	non-sexist
9070	non-sexist
9071	sexual-violence
9072	non-sexist
9073	stereotyping-dominance
9074	non-sexist
9075	non-sexist
9076	non-sexist
9077	non-sexist
9078	non-sexist
9079	non-sexist
9080	non-sexist
9081	non-sexist
9082	non-sexist
9083	ideological-inequality
9084	sexual-violence
9085	non-sexist
9086	non-sexist
9087	non-sexist
9088	objectification
9089	non-sexist
9090	non-sexist
9091	non-sexist
9092	non-sexist
9093	non-sexist
9094	stereotyping-dominance
9095	stereotyping-dominance
9096	non-sexist
9097	non-sexist
9098	non-sexist
9099	ideological-inequality
9100	non-sexist
9101	non-sexist
9102	non-sexist
9103	non-sexist
9104	non-sexist
9105	non-sexist
9106	misogyny-non-sexual-violence
9107	non-sexist
9108	non-sexist
9109	non-sexist
9110	non-sexist
9111	non-sexist
9112	non-sexist
9113	stereotyping-dominance
9114	non-sexist
9115	non-sexist
9116	ideological-inequality
9117	non-sexist
9118	non-sexist
9119	non-sexist
9120	non-sexist
9121	non-sexist
9122	non-sexist
9123	objectification
9124	sexual-violence
9125	misogyny-non-sexual-violence
9126	stereotyping-dominance
9127	non-sexist
9128	non-sexist
9129	ideological-inequality
9130	non-sexist
9131	non-sexist
9132	non-sexist
9133	non-sexist
9134	objectification
9135	ideological-inequality
9136	objectification
9137	non-sexist
9138	non-sexist
9139	sexual-violence
9140	non-sexist
9141	non-sexist
9142	non-sexist
9143	non-sexist
9144	non-sexist
9145	non-sexist
9146	non-sexist
9147	non-sexist
9148	non-sexist
9149	non-sexist
9150	non-sexist
9151	non-sexist
9152	non-sexist
9153	misogyny-non-sexual-violence
9154	non-sexist
9155	non-sexist
9156	non-sexist
9157	objectification
9158	non-sexist
9159	non-sexist
9160	objectification
9161	non-sexist
9162	non-sexist
9163	non-sexist
9164	non-sexist
9165	non-sexist
9166	ideological-inequality
9167	non-sexist
9168	non-sexist
9169	objectification
9170	non-sexist
9171	non-sexist
9172	non-sexist
9173	ideological-inequality
9174	non-sexist
9175	ideological-inequality
9176	non-sexist
9177	non-sexist
9178	non-sexist
9179	sexual-violence
9180	non-sexist
9181	non-sexist
9182	non-sexist
9183	stereotyping-dominance
9184	non-sexist
9185	ideological-inequality
9186	non-sexist
9187	non-sexist
9188	non-sexist
9189	non-sexist
9190	ideological-inequality
9191	non-sexist
9192	non-sexist
9193	non-sexist
9194	non-sexist
9195	non-sexist
9196	stereotyping-dominance
9197	non-sexist
9198	ideological-inequality
9199	non-sexist
9200	non-sexist
9201	misogyny-non-sexual-violence
9202	non-sexist
9203	non-sexist
9204	non-sexist
9205	non-sexist
9206	non-sexist
9207	non-sexist
9208	ideological-inequality
9209	non-sexist
9210	non-sexist
9211	ideological-inequality
9212	non-sexist
9213	non-sexist
9214	stereotyping-dominance
9215	misogyny-non-sexual-violence
9216	non-sexist
9217	non-sexist
9218	non-sexist
9219	non-sexist
9220	stereotyping-dominance
9221	non-sexist
9222	non-sexist
9223	non-sexist
9224	non-sexist
9225	non-sexist
9226	non-sexist
9227	non-sexist
9228	non-sexist
9229	stereotyping-dominance
9230	non-sexist
9231	non-sexist
9232	misogyny-non-sexual-violence
9233	non-sexist
9234	ideological-inequality
9235	non-sexist
9236	non-sexist
9237	non-sexist
9238	ideological-inequality
9239	misogyny-non-sexual-violence
9240	non-sexist
9241	non-sexist
9242	ideological-inequality
9243	non-sexist
9244	non-sexist
9245	non-sexist
9246	non-sexist
9247	non-sexist
9248	non-sexist
9249	misogyny-non-sexual-violence
9250	non-sexist
9251	non-sexist
9252	non-sexist
9253	non-sexist
9254	non-sexist
9255	non-sexist
9256	objectification
9257	non-sexist
9258	non-sexist
9259	non-sexist
9260	non-sexist
9261	non-sexist
9262	ideological-inequality
9263	non-sexist
9264	non-sexist
9265	ideological-inequality
9266	ideological-inequality
9267	misogyny-non-sexual-violence
9268	stereotyping-dominance
9269	non-sexist
9270	non-sexist
9271	non-sexist
9272	non-sexist
9273	non-sexist
9274	misogyny-non-sexual-violence
9275	ideological-inequality
9276	non-sexist
9277	non-sexist
9278	non-sexist
9279	non-sexist
9280	non-sexist
9281	non-sexist
9282	non-sexist
9283	non-sexist
9284	non-sexist
9285	stereotyping-dominance
9286	non-sexist
9287	non-sexist
9288	non-sexist
9289	non-sexist
9290	non-sexist
9291	non-sexist
9292	non-sexist
9293	objectification
9294	non-sexist
9295	misogyny-non-sexual-violence
9296	objectification
9297	ideological-inequality
9298	misogyny-non-sexual-violence
9299	non-sexist
9300	non-sexist
9301	non-sexist
9302	non-sexist
9303	non-sexist
9304	objectification
9305	non-sexist
9306	non-sexist
9307	non-sexist
9308	objectification
9309	ideological-inequality
9310	non-sexist
9311	non-sexist
9312	non-sexist
9313	non-sexist
9314	non-sexist
9315	non-sexist
9316	non-sexist
9317	non-sexist
9318	non-sexist
9319	stereotyping-dominance
9320	objectification
9321	non-sexist
9322	non-sexist
9323	non-sexist
9324	non-sexist
9325	non-sexist
9326	non-sexist
9327	non-sexist
9328	non-sexist
9329	ideological-inequality
9330	non-sexist
9331	non-sexist
9332	non-sexist
9333	non-sexist
9334	non-sexist
9335	non-sexist
9336	non-sexist
9337	non-sexist
9338	non-sexist
9339	non-sexist
9340	non-sexist
9341	non-sexist
9342	non-sexist
9343	non-sexist
9344	non-sexist
9345	non-sexist
9346	non-sexist
9347	stereotyping-dominance
9348	non-sexist
9349	stereotyping-dominance
9350	non-sexist
9351	objectification
9352	non-sexist
9353	misogyny-non-sexual-violence
9354	stereotyping-dominance
9355	non-sexist
9356	ideological-inequality
9357	non-sexist
9358	non-sexist
9359	sexual-violence
9360	non-sexist
9361	non-sexist
9362	misogyny-non-sexual-violence
9363	non-sexist
9364	non-sexist
9365	non-sexist
9366	non-sexist
9367	non-sexist
9368	non-sexist
9369	non-sexist
9370	non-sexist
9371	non-sexist
9372	stereotyping-dominance
9373	non-sexist
9374	non-sexist
9375	non-sexist
9376	non-sexist
9377	misogyny-non-sexual-violence
9378	non-sexist
9379	non-sexist
9380	ideological-inequality
9381	non-sexist
9382	misogyny-non-sexual-violence
9383	non-sexist
9384	non-sexist
9385	non-sexist
9386	non-sexist
9387	ideological-inequality
9388	non-sexist
9389	ideological-inequality
9390	non-sexist
9391	non-sexist
9392	non-sexist
9393	non-sexist
9394	non-sexist
9395	non-sexist
9396	non-sexist
9397	non-sexist
9398	non-sexist
9399	non-sexist
9400	non-sexist
9401	non-sexist
9402	misogyny-non-sexual-violence
9403	non-sexist
9404	ideological-inequality
9405	non-sexist
9406	non-sexist
9407	non-sexist
9408	non-sexist
9409	non-sexist
9410	non-sexist
9411	non-sexist
9412	sexual-violence
9413	non-sexist
9414	sexual-violence
9415	non-sexist
9416	stereotyping-dominance
9417	non-sexist
9418	non-sexist
9419	non-sexist
9420	non-sexist
9421	objectification
9422	non-sexist
9423	non-sexist
9424	non-sexist
9425	non-sexist
9426	non-sexist
9427	non-sexist
9428	non-sexist
9429	non-sexist
9430	non-sexist
9431	ideological-inequality
9432	non-sexist
9433	non-sexist
9434	sexual-violence
9435	non-sexist
9436	non-sexist
9437	ideological-inequality
9438	non-sexist
9439	non-sexist
9440	non-sexist
9441	stereotyping-dominance
9442	non-sexist
9443	non-sexist
9444	non-sexist
9445	non-sexist
9446	non-sexist
9447	non-sexist
9448	non-sexist
9449	non-sexist
9450	non-sexist
9451	non-sexist
9452	non-sexist
9453	non-sexist
9454	non-sexist
9455	non-sexist
9456	non-sexist
9457	misogyny-non-sexual-violence
9458	non-sexist
9459	non-sexist
9460	non-sexist
9461	ideological-inequality
9462	non-sexist
9463	non-sexist
9464	non-sexist
9465	non-sexist
9466	non-sexist
9467	non-sexist
9468	stereotyping-dominance
9469	non-sexist
9470	non-sexist
9471	non-sexist
9472	non-sexist
9473	non-sexist
9474	non-sexist
9475	non-sexist
9476	non-sexist
9477	non-sexist
9478	non-sexist
9479	non-sexist
9480	non-sexist
9481	non-sexist
9482	non-sexist
9483	ideological-inequality
9484	non-sexist
9485	ideological-inequality
9486	non-sexist
9487	non-sexist
9488	non-sexist
9489	ideological-inequality
9490	non-sexist
9491	non-sexist
9492	non-sexist
9493	misogyny-non-sexual-violence
9494	non-sexist
9495	misogyny-non-sexual-violence
9496	non-sexist
9497	non-sexist
9498	ideological-inequality
9499	ideological-inequality
9500	non-sexist
9501	misogyny-non-sexual-violence
9502	non-sexist
9503	non-sexist
9504	non-sexist
9505	non-sexist
9506	non-sexist
9507	non-sexist
9508	non-sexist
9509	sexual-violence
9510	stereotyping-dominance
9511	non-sexist
9512	non-sexist
9513	non-sexist
9514	non-sexist
9515	non-sexist
9516	non-sexist
9517	stereotyping-dominance
9518	misogyny-non-sexual-violence
9519	non-sexist
9520	ideological-inequality
9521	non-sexist
9522	non-sexist
9523	misogyny-non-sexual-violence
9524	non-sexist
9525	non-sexist
9526	ideological-inequality
9527	non-sexist
9528	non-sexist
9529	non-sexist
9530	non-sexist
9531	non-sexist
9532	non-sexist
9533	non-sexist
9534	non-sexist
9535	misogyny-non-sexual-violence
9536	non-sexist
9537	non-sexist
9538	ideological-inequality
9539	ideological-inequality
9540	non-sexist
9541	non-sexist
9542	non-sexist
9543	non-sexist
9544	non-sexist
9545	non-sexist
9546	stereotyping-dominance
9547	misogyny-non-sexual-violence
9548	non-sexist
9549	non-sexist
9550	non-sexist
9551	non-sexist
9552	non-sexist
9553	non-sexist
9554	non-sexist
9555	non-sexist
9556	non-sexist
9557	ideological-inequality
9558	non-sexist
9559	ideological-inequality
9560	non-sexist
9561	non-sexist
9562	non-sexist
9563	ideological-inequality
9564	non-sexist
9565	non-sexist
9566	non-sexist
9567	objectification
9568	non-sexist
9569	non-sexist
9570	non-sexist
9571	non-sexist
9572	stereotyping-dominance
9573	non-sexist
9574	non-sexist
9575	non-sexist
9576	non-sexist
9577	non-sexist
9578	objectification
9579	non-sexist
9580	sexual-violence
9581	non-sexist
9582	stereotyping-dominance
9583	non-sexist
9584	non-sexist
9585	non-sexist
9586	non-sexist
9587	non-sexist
9588	non-sexist
9589	sexual-violence
9590	non-sexist
9591	non-sexist
9592	ideological-inequality
9593	ideological-inequality
9594	non-sexist
9595	non-sexist
9596	ideological-inequality
9597	non-sexist
9598	ideological-inequality
9599	stereotyping-dominance
9600	non-sexist
9601	non-sexist
9602	non-sexist
9603	non-sexist
9604	objectification
9605	non-sexist
9606	non-sexist
9607	non-sexist
9608	non-sexist
9609	ideological-inequality
9610	ideological-inequality
9611	ideological-inequality
9612	non-sexist
9613	non-sexist
9614	non-sexist
9615	non-sexist
9616	non-sexist
9617	non-sexist
9618	misogyny-non-sexual-violence
9619	non-sexist
9620	objectification
9621	non-sexist
9622	non-sexist
9623	non-sexist
9624	ideological-inequality
9625	non-sexist
9626	non-sexist
9627	non-sexist
9628	non-sexist
9629	ideological-inequality
9630	non-sexist
9631	ideological-inequality
9632	non-sexist
9633	non-sexist
9634	non-sexist
9635	non-sexist
9636	non-sexist
9637	non-sexist
9638	non-sexist
9639	non-sexist
9640	non-sexist
9641	ideological-inequality
9642	non-sexist
9643	ideological-inequality
9644	ideological-inequality
9645	non-sexist
9646	ideological-inequality
9647	ideological-inequality
9648	non-sexist
9649	ideological-inequality
9650	non-sexist
9651	non-sexist
9652	non-sexist
9653	non-sexist
9654	non-sexist
9655	sexual-violence
9656	non-sexist
9657	non-sexist
9658	misogyny-non-sexual-violence
9659	non-sexist
9660	non-sexist
9661	non-sexist
9662	non-sexist
9663	non-sexist
9664	non-sexist
9665	non-sexist
9666	non-sexist
9667	non-sexist
9668	non-sexist
9669	non-sexist
9670	non-sexist
9671	non-sexist
9672	ideological-inequality
9673	non-sexist
9674	non-sexist
9675	non-sexist
9676	non-sexist
9677	non-sexist
9678	non-sexist
9679	ideological-inequality
9680	non-sexist
9681	non-sexist
9682	non-sexist
9683	non-sexist
9684	sexual-violence
9685	non-sexist
9686	non-sexist
9687	sexual-violence
9688	ideological-inequality
9689	non-sexist
9690	non-sexist
9691	ideological-inequality
9692	non-sexist
9693	non-sexist
9694	non-sexist
9695	non-sexist
9696	non-sexist
9697	ideological-inequality
9698	non-sexist
9699	ideological-inequality
9700	non-sexist
9701	non-sexist
9702	non-sexist
9703	non-sexist
9704	non-sexist
9705	non-sexist
9706	ideological-inequality
9707	non-sexist
9708	non-sexist
9709	non-sexist
9710	non-sexist
9711	stereotyping-dominance
9712	non-sexist
9713	non-sexist
9714	non-sexist
9715	non-sexist
9716	non-sexist
9717	non-sexist
9718	non-sexist
9719	ideological-inequality
9720	misogyny-non-sexual-violence
9721	non-sexist
9722	misogyny-non-sexual-violence
9723	objectification
9724	ideological-inequality
9725	non-sexist
9726	non-sexist
9727	non-sexist
9728	non-sexist
9729	non-sexist
9730	ideological-inequality
9731	non-sexist
9732	non-sexist
9733	non-sexist
9734	non-sexist
9735	non-sexist
9736	non-sexist
9737	non-sexist
9738	ideological-inequality
9739	non-sexist
9740	non-sexist
9741	ideological-inequality
9742	non-sexist
9743	non-sexist
9744	ideological-inequality
9745	non-sexist
9746	non-sexist
9747	non-sexist
9748	ideological-inequality
9749	non-sexist
9750	misogyny-non-sexual-violence
9751	non-sexist
9752	non-sexist
9753	non-sexist
9754	non-sexist
9755	non-sexist
9756	non-sexist
9757	non-sexist
9758	non-sexist
9759	non-sexist
9760	non-sexist
9761	stereotyping-dominance
9762	non-sexist
9763	non-sexist
9764	non-sexist
9765	non-sexist
9766	non-sexist
9767	non-sexist
9768	non-sexist
9769	non-sexist
9770	stereotyping-dominance
9771	non-sexist
9772	non-sexist
9773	non-sexist
9774	non-sexist
9775	non-sexist
9776	non-sexist
9777	non-sexist
9778	non-sexist
9779	misogyny-non-sexual-violence
9780	non-sexist
9781	ideological-inequality
9782	ideological-inequality
9783	non-sexist
9784	non-sexist
9785	non-sexist
9786	non-sexist
9787	non-sexist
9788	non-sexist
9789	non-sexist
9790	non-sexist
9791	ideological-inequality
9792	non-sexist
9793	non-sexist
9794	non-sexist
9795	ideological-inequality
9796	non-sexist
9797	non-sexist
9798	non-sexist
9799	stereotyping-dominance
9800	non-sexist
9801	non-sexist
9802	non-sexist
9803	ideological-inequality
9804	non-sexist
9805	non-sexist
9806	non-sexist
9807	misogyny-non-sexual-violence
9808	non-sexist
9809	non-sexist
9810	non-sexist
9811	non-sexist
9812	non-sexist
9813	misogyny-non-sexual-violence
9814	non-sexist
9815	non-sexist
9816	non-sexist
9817	ideological-inequality
9818	non-sexist
9819	ideological-inequality
9820	ideological-inequality
9821	non-sexist
9822	objectification
9823	ideological-inequality
9824	non-sexist
9825	ideological-inequality
9826	ideological-inequality
9827	non-sexist
9828	non-sexist
9829	non-sexist
9830	non-sexist
9831	non-sexist
9832	non-sexist
9833	non-sexist
9834	non-sexist
9835	non-sexist
9836	non-sexist
9837	misogyny-non-sexual-violence
9838	non-sexist
9839	non-sexist
9840	non-sexist
9841	non-sexist
9842	non-sexist
9843	ideological-inequality
9844	ideological-inequality
9845	non-sexist
9846	non-sexist
9847	non-sexist
9848	misogyny-non-sexual-violence
9849	misogyny-non-sexual-violence
9850	stereotyping-dominance
9851	non-sexist
9852	sexual-violence
9853	non-sexist
9854	non-sexist
9855	non-sexist
9856	non-sexist
9857	stereotyping-dominance
9858	non-sexist
9859	ideological-inequality
9860	ideological-inequality
9861	ideological-inequality
9862	non-sexist
9863	sexual-violence
9864	non-sexist
9865	stereotyping-dominance
9866	non-sexist
9867	non-sexist
9868	non-sexist
9869	non-sexist
9870	non-sexist
9871	misogyny-non-sexual-violence
9872	non-sexist
9873	non-sexist
9874	non-sexist
9875	non-sexist
9876	non-sexist
9877	non-sexist
9878	non-sexist
9879	non-sexist
9880	non-sexist
9881	non-sexist
9882	non-sexist
9883	stereotyping-dominance
9884	misogyny-non-sexual-violence
9885	non-sexist
9886	ideological-inequality
9887	non-sexist
9888	non-sexist
9889	non-sexist
9890	misogyny-non-sexual-violence
9891	non-sexist
9892	non-sexist
9893	non-sexist
9894	non-sexist
9895	non-sexist
9896	non-sexist
9897	non-sexist
9898	non-sexist
9899	non-sexist
9900	stereotyping-dominance
9901	non-sexist
9902	non-sexist
9903	non-sexist
9904	non-sexist
9905	non-sexist
9906	non-sexist
9907	objectification
9908	non-sexist
9909	non-sexist
9910	non-sexist
9911	ideological-inequality
9912	non-sexist
9913	non-sexist
9914	non-sexist
9915	non-sexist
9916	non-sexist
9917	non-sexist
9918	non-sexist
9919	non-sexist
9920	non-sexist
9921	ideological-inequality
9922	non-sexist
9923	non-sexist
9924	non-sexist
9925	non-sexist
9926	non-sexist
9927	non-sexist
9928	non-sexist
9929	non-sexist
9930	non-sexist
9931	non-sexist
9932	non-sexist
9933	non-sexist
9934	non-sexist
9935	non-sexist
9936	non-sexist
9937	non-sexist
9938	non-sexist
9939	stereotyping-dominance
9940	non-sexist
9941	non-sexist
9942	misogyny-non-sexual-violence
9943	non-sexist
9944	non-sexist
9945	non-sexist
9946	misogyny-non-sexual-violence
9947	non-sexist
9948	stereotyping-dominance
9949	non-sexist
9950	ideological-inequality
9951	non-sexist
9952	non-sexist
9953	stereotyping-dominance
9954	non-sexist
9955	non-sexist
9956	non-sexist
9957	non-sexist
9958	non-sexist
9959	ideological-inequality
9960	ideological-inequality
9961	non-sexist
9962	ideological-inequality
9963	objectification
9964	non-sexist
9965	non-sexist
9966	non-sexist
9967	non-sexist
9968	non-sexist
9969	non-sexist
9970	non-sexist
9971	non-sexist
9972	non-sexist
9973	non-sexist
9974	misogyny-non-sexual-violence
9975	non-sexist
9976	non-sexist
9977	non-sexist
9978	non-sexist
9979	non-sexist
9980	misogyny-non-sexual-violence
9981	non-sexist
9982	non-sexist
9983	non-sexist
9984	non-sexist
9985	non-sexist
9986	objectification
9987	non-sexist
9988	non-sexist
9989	non-sexist
9990	non-sexist
9991	non-sexist
9992	non-sexist
9993	non-sexist
9994	sexual-violence
9995	non-sexist
9996	non-sexist
9997	non-sexist
9998	misogyny-non-sexual-violence
9999	non-sexist
10000	non-sexist
10001	non-sexist
10002	ideological-inequality
10003	non-sexist
10004	non-sexist
10005	ideological-inequality
10006	non-sexist
10007	non-sexist
10008	non-sexist
10009	non-sexist
10010	stereotyping-dominance
10011	stereotyping-dominance
10012	non-sexist
10013	non-sexist
10014	ideological-inequality
10015	non-sexist
10016	non-sexist
10017	ideological-inequality
10018	non-sexist
10019	non-sexist
10020	non-sexist
10021	stereotyping-dominance
10022	non-sexist
10023	non-sexist
10024	ideological-inequality
10025	non-sexist
10026	ideological-inequality
10027	non-sexist
10028	non-sexist
10029	non-sexist
10030	non-sexist
10031	misogyny-non-sexual-violence
10032	non-sexist
10033	non-sexist
10034	non-sexist
10035	non-sexist
10036	non-sexist
10037	non-sexist
10038	non-sexist
10039	non-sexist
10040	non-sexist
10041	non-sexist
10042	stereotyping-dominance
10043	non-sexist
10044	non-sexist
10045	stereotyping-dominance
10046	ideological-inequality
10047	stereotyping-dominance
10048	objectification
10049	non-sexist
10050	non-sexist
10051	non-sexist
10052	non-sexist
10053	non-sexist
10054	non-sexist
10055	non-sexist
10056	stereotyping-dominance
10057	non-sexist
10058	non-sexist
10059	misogyny-non-sexual-violence
10060	stereotyping-dominance
10061	misogyny-non-sexual-violence
10062	non-sexist
10063	stereotyping-dominance
10064	non-sexist
10065	ideological-inequality
10066	non-sexist
10067	ideological-inequality
10068	non-sexist
10069	non-sexist
10070	non-sexist
10071	non-sexist
10072	non-sexist
10073	non-sexist
10074	non-sexist
10075	non-sexist
10076	ideological-inequality
10077	non-sexist
10078	non-sexist
10079	non-sexist
10080	non-sexist
10081	non-sexist
10082	non-sexist
10083	non-sexist
10084	non-sexist
10085	non-sexist
10086	stereotyping-dominance
10087	non-sexist
10088	non-sexist
10089	non-sexist
10090	sexual-violence
10091	non-sexist
10092	ideological-inequality
10093	non-sexist
10094	non-sexist
10095	non-sexist
10096	non-sexist
10097	non-sexist
10098	non-sexist
10099	non-sexist
10100	objectification
10101	non-sexist
10102	non-sexist
10103	non-sexist
10104	non-sexist
10105	non-sexist
10106	non-sexist
10107	objectification
10108	non-sexist
10109	non-sexist
10110	ideological-inequality
10111	non-sexist
10112	stereotyping-dominance
10113	ideological-inequality
10114	non-sexist
10115	non-sexist
10116	non-sexist
10117	non-sexist
10118	non-sexist
10119	sexual-violence
10120	non-sexist
10121	non-sexist
10122	non-sexist
10123	non-sexist
10124	non-sexist
10125	non-sexist
10126	non-sexist
10127	non-sexist
10128	non-sexist
10129	non-sexist
10130	non-sexist
10131	sexual-violence
10132	ideological-inequality
10133	non-sexist
10134	non-sexist
10135	non-sexist
10136	non-sexist
10137	non-sexist
10138	non-sexist
10139	non-sexist
10140	non-sexist
10141	non-sexist
10142	non-sexist
10143	non-sexist
10144	non-sexist
10145	non-sexist
10146	non-sexist
10147	non-sexist
10148	non-sexist
10149	non-sexist
10150	non-sexist
10151	non-sexist
10152	non-sexist
10153	non-sexist
10154	non-sexist
10155	non-sexist
10156	non-sexist
10157	non-sexist
10158	stereotyping-dominance
10159	non-sexist
10160	non-sexist
10161	ideological-inequality
10162	non-sexist
10163	non-sexist
10164	non-sexist
10165	non-sexist
10166	non-sexist
10167	non-sexist
10168	non-sexist
10169	non-sexist
10170	non-sexist
10171	non-sexist
10172	non-sexist
10173	non-sexist
10174	non-sexist
10175	sexual-violence
10176	non-sexist
10177	non-sexist
10178	non-sexist
10179	ideological-inequality
10180	stereotyping-dominance
10181	non-sexist
10182	non-sexist
10183	non-sexist
10184	non-sexist
10185	non-sexist
10186	non-sexist
10187	non-sexist
10188	non-sexist
10189	non-sexist
10190	non-sexist
10191	non-sexist
10192	non-sexist
10193	non-sexist
10194	non-sexist
10195	non-sexist
10196	non-sexist
10197	non-sexist
10198	non-sexist
10199	non-sexist
10200	non-sexist
10201	non-sexist
10202	non-sexist
10203	stereotyping-dominance
10204	non-sexist
10205	non-sexist
10206	non-sexist
10207	ideological-inequality
10208	non-sexist
10209	non-sexist
10210	non-sexist
10211	non-sexist
10212	stereotyping-dominance
10213	non-sexist
10214	misogyny-non-sexual-violence
10215	ideological-inequality
10216	non-sexist
10217	non-sexist
10218	non-sexist
10219	non-sexist
10220	non-sexist
10221	non-sexist
10222	non-sexist
10223	non-sexist
10224	non-sexist
10225	non-sexist
10226	non-sexist
10227	non-sexist
10228	stereotyping-dominance
10229	ideological-inequality
10230	non-sexist
10231	non-sexist
10232	non-sexist
10233	non-sexist
10234	ideological-inequality
10235	non-sexist
10236	non-sexist
10237	non-sexist
10238	non-sexist
10239	non-sexist
10240	non-sexist
10241	ideological-inequality
10242	non-sexist
10243	non-sexist
10244	ideological-inequality
10245	non-sexist
10246	non-sexist
10247	non-sexist
10248	non-sexist
10249	non-sexist
10250	non-sexist
10251	ideological-inequality
10252	non-sexist
10253	non-sexist
10254	non-sexist
10255	ideological-inequality
10256	non-sexist
10257	ideological-inequality
10258	non-sexist
10259	non-sexist
10260	non-sexist
10261	non-sexist
10262	non-sexist
10263	non-sexist
10264	non-sexist
10265	non-sexist
10266	objectification
10267	stereotyping-dominance
10268	ideological-inequality
10269	non-sexist
10270	non-sexist
10271	non-sexist
10272	non-sexist
10273	non-sexist
10274	non-sexist
10275	ideological-inequality
10276	non-sexist
10277	misogyny-non-sexual-violence
10278	sexual-violence
10279	non-sexist
10280	non-sexist
10281	ideological-inequality
10282	non-sexist
10283	non-sexist
10284	ideological-inequality
10285	non-sexist
10286	objectification
10287	non-sexist
10288	objectification
10289	ideological-inequality
10290	misogyny-non-sexual-violence
10291	misogyny-non-sexual-violence
10292	non-sexist
10293	non-sexist
10294	non-sexist
10295	non-sexist
10296	non-sexist
10297	non-sexist
10298	misogyny-non-sexual-violence
10299	non-sexist
10300	misogyny-non-sexual-violence
10301	non-sexist
10302	non-sexist
10303	non-sexist
10304	non-sexist
10305	non-sexist
10306	non-sexist
10307	non-sexist
10308	ideological-inequality
10309	non-sexist
10310	non-sexist
10311	non-sexist
10312	non-sexist
10313	non-sexist
10314	non-sexist
10315	non-sexist
10316	non-sexist
10317	non-sexist
10318	non-sexist
10319	non-sexist
10320	non-sexist
10321	sexual-violence
10322	stereotyping-dominance
10323	non-sexist
10324	misogyny-non-sexual-violence
10325	non-sexist
10326	non-sexist
10327	misogyny-non-sexual-violence
10328	ideological-inequality
10329	non-sexist
10330	non-sexist
10331	non-sexist
10332	non-sexist
10333	misogyny-non-sexual-violence
10334	non-sexist
10335	objectification
10336	objectification
10337	non-sexist
10338	ideological-inequality
10339	non-sexist
10340	non-sexist
10341	non-sexist
10342	non-sexist
10343	non-sexist
10344	non-sexist
10345	non-sexist
10346	ideological-inequality
10347	non-sexist
10348	misogyny-non-sexual-violence
10349	non-sexist
10350	non-sexist
10351	non-sexist
10352	misogyny-non-sexual-violence
10353	non-sexist
10354	non-sexist
10355	non-sexist
10356	non-sexist
10357	non-sexist
10358	misogyny-non-sexual-violence
10359	objectification
10360	misogyny-non-sexual-violence
10361	non-sexist
10362	non-sexist
10363	non-sexist
10364	non-sexist
10365	non-sexist
10366	non-sexist
10367	non-sexist
10368	non-sexist
10369	non-sexist
10370	non-sexist
10371	non-sexist
10372	non-sexist
10373	non-sexist
10374	non-sexist
10375	non-sexist
10376	non-sexist
10377	ideological-inequality
10378	non-sexist
10379	non-sexist
10380	ideological-inequality
10381	misogyny-non-sexual-violence
10382	non-sexist
10383	non-sexist
10384	non-sexist
10385	non-sexist
10386	non-sexist
10387	non-sexist
10388	non-sexist
10389	non-sexist
10390	non-sexist
10391	misogyny-non-sexual-violence
10392	ideological-inequality
10393	non-sexist
10394	non-sexist
10395	non-sexist
10396	non-sexist
10397	misogyny-non-sexual-violence
10398	non-sexist
10399	stereotyping-dominance
10400	objectification
10401	non-sexist
10402	non-sexist
10403	non-sexist
10404	non-sexist
10405	non-sexist
10406	non-sexist
10407	ideological-inequality
10408	non-sexist
10409	non-sexist
10410	stereotyping-dominance
10411	non-sexist
10412	non-sexist
10413	non-sexist
10414	non-sexist
10415	non-sexist
10416	ideological-inequality
10417	non-sexist
10418	non-sexist
10419	non-sexist
10420	non-sexist
10421	non-sexist
10422	non-sexist
10423	non-sexist
10424	non-sexist
10425	misogyny-non-sexual-violence
10426	non-sexist
10427	non-sexist
10428	stereotyping-dominance
10429	non-sexist
10430	non-sexist
10431	misogyny-non-sexual-violence
10432	non-sexist
10433	non-sexist
10434	non-sexist
10435	ideological-inequality
10436	non-sexist
10437	ideological-inequality
10438	non-sexist
10439	misogyny-non-sexual-violence
10440	non-sexist
10441	non-sexist
10442	non-sexist
10443	non-sexist
10444	non-sexist
10445	ideological-inequality
10446	stereotyping-dominance
10447	non-sexist
10448	non-sexist
10449	non-sexist
10450	stereotyping-dominance
10451	non-sexist
10452	non-sexist
10453	non-sexist
10454	non-sexist
10455	non-sexist
10456	non-sexist
10457	stereotyping-dominance
10458	ideological-inequality
10459	non-sexist
10460	non-sexist
10461	non-sexist
10462	non-sexist
10463	ideological-inequality
10464	non-sexist
10465	non-sexist
10466	sexual-violence
10467	ideological-inequality
10468	non-sexist
10469	non-sexist
10470	non-sexist
10471	non-sexist
10472	non-sexist
10473	non-sexist
10474	non-sexist
10475	misogyny-non-sexual-violence
10476	non-sexist
10477	non-sexist
10478	non-sexist
10479	non-sexist
10480	non-sexist
10481	non-sexist
10482	ideological-inequality
10483	non-sexist
10484	non-sexist
10485	non-sexist
10486	non-sexist
10487	non-sexist
10488	non-sexist
10489	non-sexist
10490	non-sexist
10491	non-sexist
10492	misogyny-non-sexual-violence
10493	non-sexist
10494	non-sexist
10495	non-sexist
10496	ideological-inequality
10497	non-sexist
10498	non-sexist
10499	non-sexist
10500	non-sexist
10501	ideological-inequality
10502	non-sexist
10503	non-sexist
10504	objectification
10505	non-sexist
10506	non-sexist
10507	non-sexist
10508	non-sexist
10509	non-sexist
10510	non-sexist
10511	non-sexist
10512	non-sexist
10513	non-sexist
10514	non-sexist
10515	non-sexist
10516	non-sexist
10517	non-sexist
10518	non-sexist
10519	non-sexist
10520	ideological-inequality
10521	non-sexist
10522	sexual-violence
10523	non-sexist
10524	non-sexist
10525	stereotyping-dominance
10526	ideological-inequality
10527	non-sexist
10528	non-sexist
10529	non-sexist
10530	non-sexist
10531	non-sexist
10532	non-sexist
10533	stereotyping-dominance
10534	misogyny-non-sexual-violence
10535	non-sexist
10536	ideological-inequality
10537	non-sexist
10538	non-sexist
10539	non-sexist
10540	misogyny-non-sexual-violence
10541	non-sexist
10542	objectification
10543	non-sexist
10544	non-sexist
10545	misogyny-non-sexual-violence
10546	non-sexist
10547	non-sexist
10548	non-sexist
10549	non-sexist
10550	stereotyping-dominance
10551	non-sexist
10552	non-sexist
10553	non-sexist
10554	ideological-inequality
10555	non-sexist
10556	ideological-inequality
10557	non-sexist
10558	non-sexist
10559	ideological-inequality
10560	non-sexist
10561	non-sexist
10562	ideological-inequality
10563	non-sexist
10564	stereotyping-dominance
10565	non-sexist
10566	non-sexist
10567	non-sexist
10568	non-sexist
10569	sexual-violence
10570	non-sexist
10571	non-sexist
10572	non-sexist
10573	non-sexist
10574	non-sexist
10575	non-sexist
10576	non-sexist
10577	non-sexist
10578	non-sexist
10579	misogyny-non-sexual-violence
10580	non-sexist
10581	misogyny-non-sexual-violence
10582	sexual-violence
10583	non-sexist
10584	non-sexist
10585	non-sexist
10586	non-sexist
10587	non-sexist
10588	non-sexist
10589	non-sexist
10590	stereotyping-dominance
10591	non-sexist
10592	non-sexist
10593	non-sexist
10594	non-sexist
10595	non-sexist
10596	non-sexist
10597	stereotyping-dominance
10598	objectification
10599	non-sexist
10600	non-sexist
10601	non-sexist
10602	non-sexist
10603	misogyny-non-sexual-violence
10604	non-sexist
10605	non-sexist
10606	ideological-inequality
10607	non-sexist
10608	objectification
10609	non-sexist
10610	non-sexist
10611	non-sexist
10612	non-sexist
10613	non-sexist
10614	non-sexist
10615	non-sexist
10616	non-sexist
10617	stereotyping-dominance
10618	objectification
10619	ideological-inequality
10620	non-sexist
10621	non-sexist
10622	non-sexist
10623	ideological-inequality
10624	non-sexist
10625	non-sexist
10626	stereotyping-dominance
10627	non-sexist
10628	ideological-inequality
10629	misogyny-non-sexual-violence
10630	misogyny-non-sexual-violence
10631	non-sexist
10632	ideological-inequality
10633	non-sexist
10634	ideological-inequality
10635	non-sexist
10636	non-sexist
10637	non-sexist
10638	ideological-inequality
10639	ideological-inequality
10640	non-sexist
10641	ideological-inequality
10642	ideological-inequality
10643	non-sexist
10644	objectification
10645	non-sexist
10646	non-sexist
10647	stereotyping-dominance
10648	non-sexist
10649	non-sexist
10650	ideological-inequality
10651	non-sexist
10652	stereotyping-dominance
10653	ideological-inequality
10654	non-sexist
10655	non-sexist
10656	objectification
10657	misogyny-non-sexual-violence
10658	non-sexist
10659	objectification
10660	non-sexist
10661	non-sexist
10662	non-sexist
10663	non-sexist
10664	non-sexist
10665	objectification
10666	non-sexist
10667	non-sexist
10668	non-sexist
10669	non-sexist
10670	objectification
10671	non-sexist
10672	non-sexist
10673	non-sexist
10674	non-sexist
10675	non-sexist
10676	non-sexist
10677	non-sexist
10678	non-sexist
10679	non-sexist
10680	non-sexist
10681	non-sexist
10682	sexual-violence
10683	misogyny-non-sexual-violence
10684	non-sexist
10685	non-sexist
10686	misogyny-non-sexual-violence
10687	non-sexist
10688	non-sexist
10689	non-sexist
10690	non-sexist
10691	non-sexist
10692	non-sexist
10693	non-sexist
10694	non-sexist
10695	non-sexist
10696	non-sexist
10697	non-sexist
10698	non-sexist
10699	non-sexist
10700	non-sexist
10701	ideological-inequality
10702	ideological-inequality
10703	non-sexist
10704	non-sexist
10705	non-sexist
10706	non-sexist
10707	ideological-inequality
10708	non-sexist
10709	non-sexist
10710	stereotyping-dominance
10711	non-sexist
10712	non-sexist
10713	non-sexist
10714	non-sexist
10715	non-sexist
10716	misogyny-non-sexual-violence
10717	non-sexist
10718	ideological-inequality
10719	non-sexist
10720	non-sexist
10721	ideological-inequality
10722	non-sexist
10723	non-sexist
10724	misogyny-non-sexual-violence
10725	stereotyping-dominance
10726	non-sexist
10727	non-sexist
10728	non-sexist
10729	ideological-inequality
10730	misogyny-non-sexual-violence
10731	ideological-inequality
10732	non-sexist
10733	non-sexist
10734	non-sexist
10735	non-sexist
10736	non-sexist
10737	non-sexist
10738	non-sexist
10739	non-sexist
10740	non-sexist
10741	non-sexist
10742	ideological-inequality
10743	ideological-inequality
10744	non-sexist
10745	non-sexist
10746	non-sexist
10747	ideological-inequality
10748	stereotyping-dominance
10749	non-sexist
10750	non-sexist
10751	non-sexist
10752	non-sexist
10753	ideological-inequality
10754	misogyny-non-sexual-violence
10755	misogyny-non-sexual-violence
10756	non-sexist
10757	non-sexist
10758	ideological-inequality
10759	non-sexist
10760	non-sexist
10761	non-sexist
10762	non-sexist
10763	non-sexist
10764	misogyny-non-sexual-violence
10765	non-sexist
10766	non-sexist
10767	non-sexist
10768	non-sexist
10769	non-sexist
10770	non-sexist
10771	non-sexist
10772	non-sexist
10773	non-sexist
10774	non-sexist
10775	non-sexist
10776	ideological-inequality
10777	non-sexist
10778	non-sexist
10779	non-sexist
10780	non-sexist
10781	non-sexist
10782	objectification
10783	misogyny-non-sexual-violence
10784	non-sexist
10785	non-sexist
10786	non-sexist
10787	non-sexist
10788	non-sexist
10789	non-sexist
10790	non-sexist
10791	non-sexist
10792	non-sexist
10793	non-sexist
10794	non-sexist
10795	non-sexist
10796	non-sexist
10797	non-sexist
10798	misogyny-non-sexual-violence
10799	non-sexist
10800	non-sexist
10801	non-sexist
10802	non-sexist
10803	non-sexist
10804	non-sexist
10805	non-sexist
10806	non-sexist
10807	non-sexist
10808	non-sexist
10809	non-sexist
10810	non-sexist
10811	non-sexist
10812	misogyny-non-sexual-violence
10813	non-sexist
10814	non-sexist
10815	non-sexist
10816	non-sexist
10817	non-sexist
10818	non-sexist
10819	non-sexist
10820	objectification
10821	non-sexist
10822	misogyny-non-sexual-violence
10823	non-sexist
10824	misogyny-non-sexual-violence
10825	non-sexist
10826	non-sexist
10827	non-sexist
10828	non-sexist
10829	non-sexist
10830	non-sexist
10831	non-sexist
10832	ideological-inequality
10833	non-sexist
10834	non-sexist
10835	misogyny-non-sexual-violence
10836	non-sexist
10837	non-sexist
10838	non-sexist
10839	objectification
10840	non-sexist
10841	non-sexist
10842	non-sexist
10843	non-sexist
10844	non-sexist
10845	non-sexist
10846	non-sexist
10847	stereotyping-dominance
10848	non-sexist
10849	non-sexist
10850	non-sexist
10851	ideological-inequality
10852	non-sexist
10853	ideological-inequality
10854	non-sexist
10855	non-sexist
10856	non-sexist
10857	non-sexist
10858	non-sexist
10859	ideological-inequality
10860	non-sexist
10861	misogyny-non-sexual-violence
10862	ideological-inequality
10863	non-sexist
10864	non-sexist
10865	non-sexist
10866	misogyny-non-sexual-violence
10867	non-sexist
10868	non-sexist
10869	non-sexist
10870	non-sexist
10871	non-sexist
10872	non-sexist
10873	non-sexist
10874	ideological-inequality
10875	non-sexist
10876	non-sexist
10877	non-sexist
10878	non-sexist
10879	non-sexist
10880	non-sexist
10881	non-sexist
10882	non-sexist
10883	non-sexist
10884	non-sexist
10885	non-sexist
10886	non-sexist
10887	non-sexist
10888	stereotyping-dominance
10889	ideological-inequality
10890	non-sexist
10891	non-sexist
10892	ideological-inequality
10893	non-sexist
10894	non-sexist
10895	non-sexist
10896	non-sexist
10897	non-sexist
10898	non-sexist
10899	non-sexist
10900	non-sexist
10901	ideological-inequality
10902	non-sexist
10903	non-sexist
10904	misogyny-non-sexual-violence
10905	misogyny-non-sexual-violence
10906	ideological-inequality
10907	non-sexist
10908	non-sexist
10909	ideological-inequality
10910	non-sexist
10911	non-sexist
10912	non-sexist
10913	non-sexist
10914	non-sexist
10915	non-sexist
10916	non-sexist
10917	misogyny-non-sexual-violence
10918	non-sexist
10919	non-sexist
10920	non-sexist
10921	non-sexist
10922	non-sexist
10923	ideological-inequality
10924	non-sexist
10925	non-sexist
10926	misogyny-non-sexual-violence
10927	non-sexist
10928	non-sexist
10929	non-sexist
10930	non-sexist
10931	non-sexist
10932	non-sexist
10933	non-sexist
10934	non-sexist
10935	objectification
10936	non-sexist
10937	non-sexist
10938	non-sexist
10939	ideological-inequality
10940	non-sexist
10941	non-sexist
10942	non-sexist
10943	objectification
10944	non-sexist
10945	non-sexist
10946	non-sexist
10947	stereotyping-dominance
10948	non-sexist
10949	non-sexist
10950	non-sexist
10951	non-sexist
10952	ideological-inequality
10953	non-sexist
10954	non-sexist
10955	non-sexist
10956	non-sexist
10957	non-sexist
10958	ideological-inequality
10959	non-sexist
10960	non-sexist
10961	non-sexist
10962	non-sexist
10963	non-sexist
10964	non-sexist
10965	non-sexist
10966	non-sexist
10967	non-sexist
10968	non-sexist
10969	non-sexist
10970	sexual-violence
10971	non-sexist
10972	non-sexist
10973	non-sexist
10974	non-sexist
10975	ideological-inequality
10976	ideological-inequality
10977	non-sexist
10978	non-sexist
10979	non-sexist
10980	non-sexist
10981	non-sexist
10982	misogyny-non-sexual-violence
10983	non-sexist
10984	stereotyping-dominance
10985	non-sexist
10986	ideological-inequality
10987	non-sexist
10988	ideological-inequality
10989	ideological-inequality
10990	non-sexist
10991	non-sexist
10992	non-sexist
10993	non-sexist
10994	non-sexist
10995	ideological-inequality
10996	non-sexist
10997	non-sexist
10998	non-sexist
10999	objectification
11000	non-sexist
11001	non-sexist
11002	non-sexist
11003	non-sexist
11004	non-sexist
11005	non-sexist
11006	non-sexist
11007	non-sexist
11008	non-sexist
11009	non-sexist
11010	non-sexist
11011	stereotyping-dominance
11012	non-sexist
11013	non-sexist
11014	non-sexist
11015	non-sexist
11016	objectification
11017	stereotyping-dominance
11018	misogyny-non-sexual-violence
11019	non-sexist
11020	non-sexist
11021	non-sexist
11022	non-sexist
11023	non-sexist
11024	non-sexist
11025	non-sexist
11026	non-sexist
11027	non-sexist
11028	non-sexist
11029	ideological-inequality
11030	non-sexist
11031	non-sexist
11032	non-sexist
11033	ideological-inequality
11034	stereotyping-dominance
11035	non-sexist
11036	non-sexist
11037	non-sexist
11038	non-sexist
11039	ideological-inequality
11040	non-sexist
11041	non-sexist
11042	non-sexist
11043	non-sexist
11044	non-sexist
11045	non-sexist
11046	non-sexist
11047	non-sexist
11048	non-sexist
11049	non-sexist
11050	non-sexist
11051	non-sexist
11052	ideological-inequality
11053	non-sexist
11054	ideological-inequality
11055	sexual-violence
11056	non-sexist
11057	non-sexist
11058	non-sexist
11059	non-sexist
11060	non-sexist
11061	non-sexist
11062	non-sexist
11063	non-sexist
11064	non-sexist
11065	non-sexist
11066	non-sexist
11067	ideological-inequality
11068	non-sexist
11069	ideological-inequality
11070	non-sexist
11071	non-sexist
11072	non-sexist
11073	non-sexist
11074	non-sexist
11075	sexual-violence
11076	non-sexist
11077	non-sexist
11078	stereotyping-dominance
11079	non-sexist
11080	non-sexist
11081	non-sexist
11082	stereotyping-dominance
11083	misogyny-non-sexual-violence
11084	non-sexist
11085	non-sexist
11086	non-sexist
11087	ideological-inequality
11088	misogyny-non-sexual-violence
11089	objectification
11090	ideological-inequality
11091	non-sexist
11092	non-sexist
11093	non-sexist
11094	non-sexist
11095	non-sexist
11096	objectification
11097	non-sexist
11098	non-sexist
11099	non-sexist
11100	non-sexist
11101	non-sexist
11102	non-sexist
11103	non-sexist
11104	non-sexist
11105	non-sexist
11106	non-sexist
11107	non-sexist
11108	ideological-inequality
11109	non-sexist
11110	non-sexist
11111	non-sexist
11112	non-sexist
11113	non-sexist
11114	non-sexist
11115	ideological-inequality
11116	sexual-violence
11117	non-sexist
11118	non-sexist
11119	non-sexist
11120	non-sexist
11121	non-sexist
11122	ideological-inequality
11123	non-sexist
11124	non-sexist
11125	non-sexist
11126	stereotyping-dominance
11127	non-sexist
11128	non-sexist
11129	non-sexist
11130	stereotyping-dominance
11131	objectification
11132	objectification
11133	non-sexist
11134	non-sexist
11135	ideological-inequality
11136	non-sexist
11137	non-sexist
11138	non-sexist
11139	non-sexist
11140	non-sexist
11141	non-sexist
11142	non-sexist
11143	misogyny-non-sexual-violence
11144	objectification
11145	non-sexist
11146	non-sexist
11147	non-sexist
11148	non-sexist
11149	non-sexist
11150	non-sexist
11151	non-sexist
11152	non-sexist
11153	ideological-inequality
11154	non-sexist
11155	non-sexist
11156	non-sexist
11157	non-sexist
11158	ideological-inequality
11159	non-sexist
11160	non-sexist
11161	stereotyping-dominance
11162	non-sexist
11163	non-sexist
11164	non-sexist
11165	ideological-inequality
11166	misogyny-non-sexual-violence
11167	non-sexist
11168	non-sexist
11169	misogyny-non-sexual-violence
11170	non-sexist
11171	misogyny-non-sexual-violence
11172	non-sexist
11173	non-sexist
11174	non-sexist
11175	sexual-violence
11176	non-sexist
11177	non-sexist
11178	non-sexist
11179	non-sexist
11180	non-sexist
11181	misogyny-non-sexual-violence
11182	non-sexist
11183	non-sexist
11184	non-sexist
11185	objectification
11186	objectification
11187	non-sexist
11188	non-sexist
11189	non-sexist
11190	non-sexist
11191	non-sexist
11192	non-sexist
11193	non-sexist
11194	misogyny-non-sexual-violence
11195	misogyny-non-sexual-violence
11196	non-sexist
11197	stereotyping-dominance
11198	non-sexist
11199	non-sexist
11200	non-sexist
11201	objectification
11202	non-sexist
11203	non-sexist
11204	non-sexist
11205	stereotyping-dominance
11206	non-sexist
11207	non-sexist
11208	non-sexist
11209	non-sexist
11210	non-sexist
11211	non-sexist
11212	stereotyping-dominance
11213	non-sexist
11214	non-sexist
11215	non-sexist
11216	non-sexist
11217	misogyny-non-sexual-violence
11218	misogyny-non-sexual-violence
11219	ideological-inequality
11220	objectification
11221	ideological-inequality
11222	misogyny-non-sexual-violence
11223	non-sexist
11224	ideological-inequality
11225	ideological-inequality
11226	non-sexist
11227	non-sexist
11228	non-sexist
11229	non-sexist
11230	non-sexist
11231	non-sexist
11232	non-sexist
11233	non-sexist
11234	non-sexist
11235	sexual-violence
11236	non-sexist
11237	non-sexist
11238	non-sexist
11239	non-sexist
11240	non-sexist
11241	non-sexist
11242	non-sexist
11243	non-sexist
11244	stereotyping-dominance
11245	ideological-inequality
11246	misogyny-non-sexual-violence
11247	non-sexist
11248	non-sexist
11249	non-sexist
11250	non-sexist
11251	misogyny-non-sexual-violence
11252	non-sexist
11253	ideological-inequality
11254	non-sexist
11255	non-sexist
11256	non-sexist
11257	objectification
11258	non-sexist
11259	non-sexist
11260	non-sexist
11261	non-sexist
11262	non-sexist
11263	sexual-violence
11264	ideological-inequality
11265	non-sexist
11266	misogyny-non-sexual-violence
11267	non-sexist
11268	non-sexist
11269	non-sexist
11270	stereotyping-dominance
11271	non-sexist
11272	non-sexist
11273	ideological-inequality
11274	non-sexist
11275	non-sexist
11276	non-sexist
11277	non-sexist
11278	non-sexist
11279	non-sexist
11280	non-sexist
11281	objectification
11282	non-sexist
11283	non-sexist
11284	non-sexist
11285	ideological-inequality
11286	non-sexist
11287	non-sexist
11288	misogyny-non-sexual-violence
11289	non-sexist
11290	non-sexist
11291	non-sexist
11292	non-sexist
11293	non-sexist
11294	stereotyping-dominance
11295	non-sexist
11296	ideological-inequality
11297	non-sexist
11298	objectification
11299	non-sexist
11300	non-sexist
11301	non-sexist
11302	non-sexist
11303	non-sexist
11304	non-sexist
11305	misogyny-non-sexual-violence
11306	non-sexist
11307	non-sexist
11308	objectification
11309	non-sexist
11310	non-sexist
11311	non-sexist
11312	non-sexist
11313	stereotyping-dominance
11314	non-sexist
11315	non-sexist
11316	non-sexist
11317	non-sexist
11318	non-sexist
11319	non-sexist
11320	non-sexist
11321	non-sexist
11322	objectification
11323	non-sexist
11324	non-sexist
11325	non-sexist
11326	non-sexist
11327	non-sexist
11328	non-sexist
11329	non-sexist
11330	non-sexist
11331	non-sexist
11332	non-sexist
11333	non-sexist
11334	non-sexist
11335	non-sexist
11336	non-sexist
11337	non-sexist
11338	non-sexist
11339	non-sexist
11340	non-sexist
11341	non-sexist
11342	non-sexist
11343	non-sexist
11344	non-sexist
11345	non-sexist
